{"cameraMode":{"drawMode":0,"name":"Shaded","section":"Shading Mode"},"sceneLighting":false,"audioPlay":false,"sceneViewState":{"showFog":true,"showMaterialUpdate":false,"showSkybox":true,"showFlares":true,"showImageEffects":true,"showParticleSystems":true},"in2DMode":false,"pivot":{"x":-13.98199462890625,"y":113.95232391357422,"z":180.96470642089845},"rotation":{"x":-0.0004209440085105598,"y":-0.8774020671844482,"z":0.4797801375389099,"w":-0.0007834621937945485},"size":111.09925842285156,"orthographic":false}