{"cameraMode":{"drawMode":0,"name":"Shaded","section":"Shading Mode"},"sceneLighting":false,"audioPlay":false,"sceneViewState":{"showFog":true,"showMaterialUpdate":false,"showSkybox":true,"showFlares":true,"showImageEffects":true,"showParticleSystems":true},"in2DMode":false,"pivot":{"x":-16.194488525390626,"y":47.783634185791019,"z":157.66131591796876},"rotation":{"x":-0.015485751442611218,"y":0.9809767603874207,"z":-0.08643266558647156,"w":-0.1754312962293625},"size":65.05595397949219,"orthographic":false}