{"cameraMode":{"drawMode":0,"name":"Shaded","section":"Shading Mode"},"sceneLighting":false,"audioPlay":false,"sceneViewState":{"showFog":true,"showMaterialUpdate":false,"showSkybox":true,"showFlares":true,"showImageEffects":true,"showParticleSystems":true},"in2DMode":false,"pivot":{"x":4.339529991149902,"y":3.870382308959961,"z":181.73699951171876},"rotation":{"x":0.00623977230861783,"y":0.8113101720809937,"z":-0.5852071046829224,"w":0.00849500484764576},"size":331.5811462402344,"orthographic":false}