{"cameraMode":{"drawMode":0,"name":"Shaded","section":"Shading Mode"},"sceneLighting":false,"audioPlay":false,"sceneViewState":{"showFog":true,"showMaterialUpdate":false,"showSkybox":true,"showFlares":true,"showImageEffects":true,"showParticleSystems":true},"in2DMode":false,"pivot":{"x":20.336706161499025,"y":43.28293228149414,"z":172.5895538330078},"rotation":{"x":-0.014762046746909619,"y":-0.9548435211181641,"z":0.2931601107120514,"w":-0.04750121384859085},"size":2078.16650390625,"orthographic":false}