{"cameraMode":{"drawMode":0,"name":"Shaded","section":"Shading Mode"},"sceneLighting":false,"audioPlay":false,"sceneViewState":{"showFog":true,"showMaterialUpdate":false,"showSkybox":true,"showFlares":true,"showImageEffects":true,"showParticleSystems":true},"in2DMode":false,"pivot":{"x":20.336706161499025,"y":43.28293228149414,"z":172.5895538330078},"rotation":{"x":-0.010968578979372979,"y":-0.9398574233055115,"z":0.3402993083000183,"w":-0.02980189025402069},"size":217.21017456054688,"orthographic":false}