{"cameraMode":{"drawMode":0,"name":"Shaded","section":"Shading Mode"},"sceneLighting":false,"audioPlay":false,"sceneViewState":{"showFog":true,"showMaterialUpdate":false,"showSkybox":true,"showFlares":true,"showImageEffects":true,"showParticleSystems":true},"in2DMode":false,"pivot":{"x":-51.004661560058597,"y":40.00201416015625,"z":128.869384765625},"rotation":{"x":-0.0643632709980011,"y":-0.907593309879303,"z":0.3865244686603546,"w":-0.15140876173973084},"size":249.47573852539063,"orthographic":false}