{"cameraMode":{"drawMode":0,"name":"Shaded","section":"Shading Mode"},"sceneLighting":false,"audioPlay":false,"sceneViewState":{"showFog":true,"showMaterialUpdate":false,"showSkybox":true,"showFlares":true,"showImageEffects":true,"showParticleSystems":true},"in2DMode":false,"pivot":{"x":73.28389739990235,"y":97.36686706542969,"z":47.40998077392578},"rotation":{"x":-0.02369251288473606,"y":-0.9270078539848328,"z":0.3697628974914551,"w":-0.06114085763692856},"size":500.6536865234375,"orthographic":false}