{"cameraMode":{"drawMode":0,"name":"Shaded","section":"Shading Mode"},"sceneLighting":false,"audioPlay":false,"sceneViewState":{"showFog":true,"showMaterialUpdate":false,"showSkybox":true,"showFlares":true,"showImageEffects":true,"showParticleSystems":true},"in2DMode":false,"pivot":{"x":12.86530876159668,"y":44.934967041015628,"z":193.43521118164063},"rotation":{"x":0.007862359285354615,"y":0.7521921396255493,"z":-0.6589260101318359,"w":0.009459875524044037},"size":207.83946228027345,"orthographic":true}