{"cameraMode":{"drawMode":0,"name":"Shaded","section":"Shading Mode"},"sceneLighting":false,"audioPlay":false,"sceneViewState":{"showFog":true,"showMaterialUpdate":false,"showSkybox":true,"showFlares":true,"showImageEffects":true,"showParticleSystems":true},"in2DMode":false,"pivot":{"x":-31.275348663330079,"y":27.849708557128908,"z":-133.98684692382813},"rotation":{"x":-0.014795287512242794,"y":0.9308621287345886,"z":-0.3634907007217407,"w":-0.036761194467544559},"size":424.3226623535156,"orthographic":false}