{"cameraMode":{"drawMode":0,"name":"Shaded","section":"Shading Mode"},"sceneLighting":false,"audioPlay":false,"sceneViewState":{"showFog":true,"showMaterialUpdate":false,"showSkybox":false,"showFlares":true,"showImageEffects":true,"showParticleSystems":true},"in2DMode":false,"pivot":{"x":0.015658855438232423,"y":1.0469945669174195,"z":-0.05688505992293358},"rotation":{"x":-0.2858177423477173,"y":0.5773535370826721,"z":-0.22604578733444215,"w":-0.7310063242912293},"size":7.634390830993652,"orthographic":false}