{"cameraMode":{"drawMode":0,"name":"Shaded","section":"Shading Mode"},"sceneLighting":false,"audioPlay":false,"sceneViewState":{"showFog":true,"showMaterialUpdate":false,"showSkybox":true,"showFlares":true,"showImageEffects":true,"showParticleSystems":true},"in2DMode":false,"pivot":{"x":18.92962646484375,"y":51.40739440917969,"z":211.9072265625},"rotation":{"x":-0.0666857361793518,"y":-0.8997099995613098,"z":0.1475280374288559,"w":-0.405631959438324},"size":8.237337112426758,"orthographic":false}