{"cameraMode":{"drawMode":0,"name":"Shaded","section":"Shading Mode"},"sceneLighting":false,"audioPlay":false,"sceneViewState":{"showFog":true,"showMaterialUpdate":false,"showSkybox":true,"showFlares":true,"showImageEffects":true,"showParticleSystems":true},"in2DMode":false,"pivot":{"x":20.336706161499025,"y":43.28293228149414,"z":172.5895538330078},"rotation":{"x":-0.03784240782260895,"y":-0.928350567817688,"z":0.35674455761909487,"w":-0.09802171587944031},"size":111.77338409423828,"orthographic":false}