{"cameraMode":{"drawMode":0,"name":"Shaded","section":"Shading Mode"},"sceneLighting":false,"audioPlay":false,"sceneViewState":{"showFog":true,"showMaterialUpdate":false,"showSkybox":true,"showFlares":true,"showImageEffects":true,"showParticleSystems":true},"in2DMode":false,"pivot":{"x":15.373039245605469,"y":54.92552185058594,"z":125.72825622558594},"rotation":{"x":-0.07696468383073807,"y":-0.9207254648208618,"z":0.30246931314468386,"w":-0.2343812882900238},"size":5.379986763000488,"orthographic":false}