{"cameraMode":{"drawMode":0,"name":"Shaded","section":"Shading Mode"},"sceneLighting":false,"audioPlay":false,"sceneViewState":{"showFog":true,"showMaterialUpdate":false,"showSkybox":true,"showFlares":true,"showImageEffects":true,"showParticleSystems":true},"in2DMode":false,"pivot":{"x":0.4729074239730835,"y":29.874996185302736,"z":200.44900512695313},"rotation":{"x":0.009548674337565899,"y":0.7350928783416748,"z":-0.6778377890586853,"w":0.010388916358351708},"size":125.14562225341797,"orthographic":true}