{"cameraMode":{"drawMode":0,"name":"Shaded","section":"Shading Mode"},"sceneLighting":false,"audioPlay":false,"sceneViewState":{"showFog":true,"showMaterialUpdate":false,"showSkybox":true,"showFlares":true,"showImageEffects":true,"showParticleSystems":true},"in2DMode":false,"pivot":{"x":-19.40959930419922,"y":45.483673095703128,"z":218.59463500976563},"rotation":{"x":0.12728486955165864,"y":0.839947521686554,"z":-0.22381098568439485,"w":0.4777732491493225},"size":12.417343139648438,"orthographic":false}