{"cameraMode":{"drawMode":0,"name":"Shaded","section":"Shading Mode"},"sceneLighting":false,"audioPlay":false,"sceneViewState":{"showFog":true,"showMaterialUpdate":false,"showSkybox":true,"showFlares":true,"showImageEffects":true,"showParticleSystems":true},"in2DMode":false,"pivot":{"x":16.059999465942384,"y":46.2400016784668,"z":238.41000366210938},"rotation":{"x":-0.25998955965042117,"y":0.6980012059211731,"z":-0.30626553297042849,"w":-0.5928525924682617},"size":28.541967391967775,"orthographic":true}